"","rmse","coverage"
"1",0.319411355358219,0.975062344139651
