"","rmse","coverage"
"1",0.482068110858116,0.576059850374065
