"","rmse","coverage"
"1",0.689578443394358,0.182044887780549
