"","rmse","coverage"
"1",0.717433446006433,0.937655860349127
