"","rmse","coverage"
"1",0.465764120822794,0.688279301745636
