"","rmse","coverage"
"1",2.63173237735789,0.750623441396509
