"","rmse","coverage"
"1",1.5776511510092,0.526184538653367
